<?xml version="1.0" encoding="UTF-8"?>
<project-private xmlns="http://www.netbeans.org/ns/project-private/1">
    <editor-bookmarks xmlns="http://www.netbeans.org/ns/editor-bookmarks/2" lastBookmarkId="0"/>
    <open-files xmlns="http://www.netbeans.org/ns/projectui-open-files/2">
        <group>
            <file>file:/C:/Users/Carlos%20Zavala%20Nunez/Desktop/University/Year%204/Software%20Enineering/TacoTruck/src/taco2/ManageProductsFrame.java</file>
            <file>file:/C:/Users/Carlos%20Zavala%20Nunez/Desktop/University/Year%204/Software%20Enineering/TacoTruck/src/taco2/ForgotPasswordFrame.java</file>
            <file>file:/C:/Users/Carlos%20Zavala%20Nunez/Desktop/University/Year%204/Software%20Enineering/TacoTruck/src/model/Dao.java</file>
            <file>file:/C:/Users/Carlos%20Zavala%20Nunez/Desktop/University/Year%204/Software%20Enineering/TacoTruck/src/taco2/SignUpFrame.java</file>
            <file>file:/C:/Users/Carlos%20Zavala%20Nunez/Desktop/University/Year%204/Software%20Enineering/TacoTruck/src/taco2/HomeFrame.java</file>
            <file>file:/C:/Users/Carlos%20Zavala%20Nunez/Desktop/University/Year%204/Software%20Enineering/TacoTruck/src/taco2/CartFrame.java</file>
            <file>file:/C:/Users/Carlos%20Zavala%20Nunez/Desktop/University/Year%204/Software%20Enineering/TacoTruck/src/taco2/AllProductsFrame.java</file>
            <file>file:/C:/Users/Carlos%20Zavala%20Nunez/Desktop/University/Year%204/Software%20Enineering/TacoTruck/src/taco2/AddProductFrane.java</file>
            <file>file:/C:/Users/Carlos%20Zavala%20Nunez/Desktop/University/Year%204/Software%20Enineering/TacoTruck/src/taco2/LoginFrame.java</file>
            <file>file:/C:/Users/Carlos%20Zavala%20Nunez/Desktop/University/Year%204/Software%20Enineering/TacoTruck/src/model/AdminDao.java</file>
            <file>file:/C:/Users/Carlos%20Zavala%20Nunez/Desktop/University/Year%204/Software%20Enineering/TacoTruck/src/taco2/OrderFrame.java</file>
            <file>file:/C:/Users/Carlos%20Zavala%20Nunez/Desktop/University/Year%204/Software%20Enineering/TacoTruck/src/taco2/StatistcsFrame.java</file>
            <file>file:/C:/Users/Carlos%20Zavala%20Nunez/Desktop/University/Year%204/Software%20Enineering/TacoTruck/src/model/Payment.java</file>
            <file>file:/C:/Users/Carlos%20Zavala%20Nunez/Desktop/University/Year%204/Software%20Enineering/TacoTruck/src/taco2/ViewOrdersFrame.java</file>
        </group>
    </open-files>
</project-private>
